File Name	Feature Dim	label Dim	Source	Description
datawedge.csv	2	1	https://cw.fel.cvut.cz/old/courses/y33aui/cviceni/cviceni05	artificial data
dataxor.csv	2	1	https://cw.fel.cvut.cz/old/courses/y33aui/cviceni/cviceni05	artificial data
iris.csv	4	3	https://archive.ics.uci.edu/ml/datasets/iris	Iris dataset
mnist_train.csv	784	1	https://pjreddie.com/projects/mnist-in-csv/	MNIST train dataset
mnist_test.csv	784	1	https://pjreddie.com/projects/mnist-in-csv/	MNIST test dataset
oilTrn.dat	12	2	https://www2.aston.ac.uk/eas/research/groups/ncrg/resources/netlab/how-to-use	sample train dataset for regression problem
oilTst.dat	12	2	https://www2.aston.ac.uk/eas/research/groups/ncrg/resources/netlab/how-to-use	sample test dataset for regression problem
xor.dat	2	1		sample xor dataset
xor_header.dat	2	1		sample xor dataset with a header

